day_of_week,promotion_value,happiness_index,daily_active_minutes
0,54.88135039273247,4,72.87728554320275
1,71.51893663724195,5,101.0204651626006
2,60.276337607164386,4,117.6119470028462
3,54.48831829968969,1,95.80795879338685
4,42.36547993389047,4,143.73779007033258
5,64.58941130666561,1,164.51114269086062
6,43.75872112626925,1,164.9408731954911
0,89.17730007820798,2,88.67994062742954
1,96.36627605010293,2,92.17937701165624
2,38.34415188257777,5,100.71157407627379
3,79.17250380826646,5,153.40697880191289
4,52.88949197529045,3,132.8148727161435
5,56.80445610939323,3,156.60770688509504
6,92.5596638292661,5,214.4513785976713
0,7.103605819788694,2,4.645042524471869
1,8.712929970154072,1,44.13298188143742
2,2.021839744032572,3,69.18069842423617
3,83.2619845547938,2,127.57104155720793
4,77.81567509498505,1,134.31746040751864
5,87.00121482468191,3,169.07949176394044
6,97.8618342232764,2,183.856163160137
0,79.91585642167236,5,82.83886891211954
1,46.147936225293186,2,74.95533407263856
2,78.05291762864555,3,90.85376100359828
3,11.827442586893323,1,61.05645965367855
4,63.99210213275238,3,135.0945138602403
5,14.33532874090464,4,177.43935102292022
6,94.46689170495839,5,204.82813744490582
0,52.184832175007166,4,66.82277899600265
1,41.46619399905236,3,72.65249713622946
2,26.455561210462697,3,89.21134486515932
3,77.42336894342166,2,111.6635108312661
4,45.615033221654855,2,133.0041554336751
5,56.84339488686485,4,157.53490969182
6,1.8789800436355142,2,134.1994461937206
0,61.76354970758771,2,48.09569200828782
1,61.20957227224214,4,103.35119255437438
2,61.69339968747569,2,96.86470086485193
3,94.37480785146242,4,164.19413294084967
4,68.18202991034835,1,114.41014232727083
5,35.9507900573786,4,175.68044004651625
6,43.703195379934144,2,172.82525398671757
0,69.76311959272648,5,77.30136301821456
1,6.022547162926983,5,47.15383057780704
2,66.67667154456677,4,116.8158439004705
3,67.06378696181594,5,156.10322748027983
4,21.03825610738409,5,170.4686019921839
5,12.892629765485331,2,133.99180010823682
6,31.542835092418386,1,151.60585340583035
0,36.37107709426226,1,36.19060653725104
1,57.019677041787965,2,75.3315919168588
2,43.86015134623204,1,65.54932334921034
3,98.83738380592261,4,136.39862633566122
4,10.204481074802807,1,101.40486896848505
5,20.88767560948347,5,144.32242396243052
6,16.130951788499626,2,149.04981730494202
0,65.31083254653984,3,53.04833333176527
1,25.329160253978213,5,93.4154107461353
2,46.63107728563063,5,122.8573290139021
3,24.442559200160275,4,112.14326775297353
4,15.896958364551972,3,112.92376308624128
5,11.037514116430513,4,149.25440591116606
6,65.63295894652734,2,177.83238139953102
0,13.81829513486138,3,36.56582239697256
1,19.65823616800535,2,39.7928867110926
2,36.872517066096414,1,64.1037628162323
3,82.09932298479352,5,153.21335529176793
4,9.710127579306127,1,81.32055884239772
5,83.7944907498804,2,148.4318438440507
6,9.609840789396307,4,159.57577094486282
0,97.64594650133958,5,107.95291876515775
1,46.86512016477016,5,87.15597054761685
2,97.67610881903371,3,116.95588386160561
3,60.4845519745046,1,101.42205174092658
4,73.92635793983017,2,133.22693123063848
5,3.9187792254320675,2,125.7307096514507
6,28.280696257640958,2,152.58479437685773
0,12.01965612131689,2,24.314531237133362
1,29.614019752214492,4,74.8838208967877
2,11.872771895424405,2,64.79480064154319
3,31.798317939397602,4,106.06637161393665
4,41.426299451466996,4,137.10181333797038
5,6.4147496348784365,3,133.39294008497276
6,69.24721193700198,3,195.65664330739122
0,56.660145420657514,1,42.90803738265282
1,26.53894909394454,2,32.10208852536081
2,52.32480534666997,4,101.50922667268561
3,9.394051075844168,3,99.06946427667484
4,57.59464955561793,2,131.23216028823146
5,92.92961975762141,3,186.88513314618365
6,31.856895245132367,3,179.44309213178383
0,66.74103799636816,1,61.00474277259883
1,13.179786240439217,4,60.366144280624525
2,71.63272041185655,4,110.31476860111265
3,28.94060929472011,3,82.5162154675699
4,18.319136200711682,2,105.69848817484296
5,58.65129348100832,4,174.0005152238215
6,2.0107546187493552,1,116.09745950402042
0,82.89400292173632,4,83.2498529962954
1,0.46954761925470656,1,41.5207753722301
2,67.781653679623,2,96.5828452957671
3,27.000797319216485,3,108.5483379365167
4,73.5194022122595,2,136.32090889156916
5,96.21885451174383,2,168.69848216326875
6,24.875314351995804,1,124.61057585644517
0,57.61573344178369,2,59.521688287809425
1,59.2041931271839,3,76.23627064082983
2,57.22519057908734,4,124.97858769191716
3,22.308163264061832,1,70.3856039675108
4,95.2749011516985,1,134.98865772115744
5,44.71253786176273,2,155.97182102835365
6,84.64086724711278,2,170.5190005641243
0,69.94792753175044,2,87.33137579122067
1,29.743695085513366,5,99.7087113462392
2,81.37978197024772,3,97.54178381932846
3,39.65057408469846,2,108.51586294406623
4,88.11031971111616,5,183.7714157516254
5,58.12728726358587,1,152.5128504110438
6,88.17353618548528,3,187.39673560315532
0,69.25315900777659,5,82.58696446904385
1,72.52542798196406,1,63.74406010425009
2,50.13243819267023,4,103.79778846514004
3,95.6083634723224,4,155.7501517199212
4,64.39901992296375,3,140.91016820285674
5,42.38550485581797,5,188.44642296687658
6,60.639321412792434,5,205.66425701623808
0,1.9193198309333526,1,24.01106048228073
1,30.15748166745493,4,75.34937058070668
2,66.01735374926851,4,112.50925190520866
3,29.007760721044406,2,97.24588513281836
4,61.801542899884154,5,157.90715954896834
5,42.87687009457662,3,140.68147177320907
6,13.547406422245023,4,168.03445223220837
0,29.828232595603076,3,48.44075555981093
1,56.99649107012649,3,77.44116249845743
2,59.08727612481732,2,69.87881415918133
3,57.43252488495788,4,124.28268322939488
4,65.32008198571336,3,126.33378616743539
5,65.21032700016889,4,186.7078150929641
6,43.14184354339739,2,172.76856749863643
0,89.6546595851063,1,40.22971469037747
1,36.75618700478965,1,33.9932336273739
2,43.58649252656268,1,76.33806533932959
3,89.19233550156721,3,133.73765104773128
4,80.61939890460857,3,158.9661488727273
5,70.38885835403663,3,156.4543476011292
6,10.022688731230112,4,163.88469254840487
0,91.94826137446735,5,82.93123022443768
1,71.42412995491114,4,83.83795413188605
2,99.88470065678665,1,103.91523894413693
3,14.944830465799374,5,134.11778526710964
4,86.81260573682142,2,146.6948027909279
5,16.249293467637482,5,169.51412924977507
6,61.55595642838442,2,185.36193828662752
0,12.381998284944151,3,39.37324583780509
1,84.80082293222344,1,62.21945252553573
2,80.73189587250107,3,111.52178066129953
3,56.91007386145933,4,117.67005666471992
4,40.71832972259997,3,133.69342199619345
5,6.916699545513804,3,142.86168971717984
6,69.74287731445636,5,207.49782473581246
0,45.35426826780689,2,49.445631070545005
1,72.20555994703479,1,48.42259387776892
2,86.63823259286292,3,89.52323283274373
3,97.55215050028858,3,130.15654224772942
4,85.5803342392611,2,126.5016862009744
5,1.1714084185001972,4,139.7332781198508
6,35.99780644783639,4,174.41996098660792
0,72.9990562424058,5,84.91370680905433
1,17.162967726144053,2,46.61166374155219
2,52.10366062041293,3,94.64441957659317
3,5.433798833925363,4,117.36991139514772
4,19.999652489640006,4,125.16532242169922
5,1.8521794460613972,1,120.14308540418205
6,79.36977033574206,1,180.8591121575678
0,22.392468806038014,5,57.26652238219313
1,34.53516806969027,4,83.2054382394525
2,92.80812934655908,4,115.11285468221338
3,70.44144019235328,2,129.8342435326276
4,3.1838929531307847,1,93.25237938111617
5,16.469415649791273,1,122.41978555263995
6,62.14784014997635,4,205.86510069312536
0,57.72285886041676,5,94.70272114942362
1,23.78928213745086,4,77.3487164859361
2,93.42139979247938,3,127.78568315020667
3,61.3965955965896,1,121.4552418338126
4,53.56328030249583,1,122.74133277285716
5,58.9909976354571,2,149.46547763161647
6,73.01220295167697,5,203.2132358603457
0,31.194499547960184,2,21.00527157690439
1,39.82210622160919,1,67.40165602214634
2,20.984374897512215,5,84.08141545028712
3,18.619300588033617,4,98.66677885864466
4,94.43723899839335,4,174.2740819720863
5,73.95507950492876,5,194.9592586975677
6,49.04588086175671,3,175.69740111517203
0,22.741462797332325,4,47.34847232293238
1,25.435648177039294,2,49.97235718795065
2,5.802916032387562,4,87.0312903434514
3,43.44166255581208,4,104.4337553646571
4,31.179588199410258,3,104.14157817506542
5,69.63434888154595,4,157.72080936434958
6,37.775183929248094,2,165.34477929657334
0,17.960367755963482,2,31.370877576668516
1,2.467872839133123,2,36.02100394732095
2,6.724963146324859,1,42.5481377861631
3,67.93927734985672,4,123.32632630759132
4,45.36968445560453,4,139.15881778106638
5,53.65792111087222,5,180.22568073890582
6,89.6671293040342,3,193.77523391931803
0,99.03389473967043,1,53.83625662269188
1,21.689698439847394,4,82.35888553308835
2,66.30782031001007,2,97.09327531855114
3,26.332237673715063,1,92.97091176189795
4,2.065099946572868,1,72.42246746189254
5,75.83786538361414,2,137.20219795751208
6,32.00171508224678,5,196.50146521906362
0,38.3463894171898,4,65.03065424499887
1,58.831711355360575,3,72.30992947999168
2,83.10484552361905,5,108.74488911892816
3,62.89818435911487,3,132.4413967453914
4,87.26506554473953,3,171.4483037912778
5,27.354203481563577,4,160.4048050792128
6,79.80468339125638,1,174.31423491648036
0,18.56359443059522,2,34.934188971710824
1,95.27916569719446,3,98.1531647490956
2,68.74882763878153,5,121.3000286736135
3,21.550767711355846,4,109.2222758374216
4,94.73705904889242,4,171.45782673529823
5,73.08558067701578,5,185.52378764237616
6,25.39416425950258,3,155.6487095489413
0,21.331197736748198,3,46.80301730508609
1,51.82007139306633,3,74.59296051831558
2,2.5662718054531575,5,109.19336135682754
3,20.74700754411094,3,106.98678307349874
4,42.46854687515062,5,160.26163048570382
5,37.41699803342256,4,139.95372309085744
6,46.35754243648107,5,205.93205462048223
0,27.76287062947319,2,40.9558613641557
1,58.67843464581688,1,52.545373687227915
2,86.38556059232315,1,98.53898767565477
3,11.75318559620331,2,87.18084872379887
4,51.73791071541142,5,152.17666301313992
5,13.206810634515332,1,134.5503779863545
6,71.68596811925937,2,165.8447261518449
0,39.60597028072937,3,44.07480772664161
1,56.5421311858509,2,72.0910524383994
2,18.32798362140786,1,65.56831927645868
3,14.484775934337723,5,108.79057202639156
4,48.80562806489546,5,137.66173306147908
5,35.561273784995564,5,168.71605315986326
6,94.04319452528131,1,181.78738557332824
0,76.53252538069653,3,56.71317053953069
1,74.86636198505472,5,116.51298399110387
2,90.37197397459335,4,117.1309592192408
3,8.342243544201855,3,81.74690407635252
4,55.219246992240656,2,114.6116582790781
5,58.44760689557689,4,165.10787719533982
6,96.19363785472291,3,187.13039651386146
0,29.214752679254886,1,18.977068838101008
1,24.08287799154468,4,80.53906037334106
2,10.029394226549782,3,66.96027998572796
3,1.6429629591474204,3,98.64724505068806
4,92.95293167921905,3,146.16595409074375
5,66.99165465909101,3,152.73941978200764
6,78.51529120231378,5,212.08725725324814
0,28.17301057539491,4,59.78775453647568
1,58.64101661863267,3,83.5811649359049
2,6.395526612098113,2,52.818063654808455
3,48.56275959346229,3,124.54742739765665
4,97.74951397444468,5,177.8267466341578
5,87.65052453165907,4,179.41353588744087
6,33.81589518368456,4,177.87430597758197
0,96.15701545414986,3,78.58977443472371
1,23.170162647120453,3,62.67522193425608
2,94.93188224156815,2,97.49255109555206
3,94.13777047064985,4,140.93429424040087
4,79.92025873523917,4,159.6194677660484
5,63.044793686679114,4,180.1876501060832
6,87.4287966624947,1,177.21877077067072
0,29.302028450779673,4,70.83446355846407
1,84.89435553129182,4,75.91215803695425
2,61.78766919175238,2,89.78605744664335
3,1.323685775889949,2,79.7197620247423
4,34.72335179322196,5,162.331337536331
5,14.814086094816503,2,135.2821999758097
6,98.18293898182532,4,209.04362913678622
0,47.837030703998806,4,45.41799733318908
1,49.73913654986627,4,81.24238592407848
2,63.94725163987236,2,89.55956669994605
3,36.85846061296175,3,113.2830578639281
4,13.690027168559894,1,90.28840062894437
5,82.21177331942455,5,181.3469983617278
6,18.984791190275796,3,147.37630784990125
0,51.131898254645606,1,37.378887028439834
1,22.431702897473926,2,54.88268938672174
2,9.784448449403405,5,92.9441736928554
3,86.21915174216834,5,166.54804231027472
4,97.29194890231302,2,140.16011951476705
5,96.08346580630001,3,173.98906164350208
6,90.6555499221179,1,190.22504763417234
0,77.40473326986388,4,89.08851041149003
1,33.31451520286419,4,79.94325534917407
2,8.110138998799677,1,70.79292551517301
3,40.72411714138073,4,136.4745995074092
4,23.223414217094273,3,118.8933582024314
5,13.248763475798297,2,118.10113702416753
6,5.342718178682526,4,164.97304743704973
0,72.55943642105788,2,63.79769634336955
1,1.1427458625031028,4,68.23178662242753
2,77.05807485027762,4,120.43360999359975
3,14.694664540037506,5,120.85288225284967
4,7.952208258675575,4,120.86532503066174
5,8.960303423860537,5,165.42375121378697
6,67.20478073539144,1,168.64252675559882
0,24.536720985284475,4,51.167158103801725
1,42.05394666800984,4,79.23156391895762
2,55.73687913239169,4,123.98535801033051
3,86.05511738287937,5,149.36709607648967
4,72.70442627113283,4,156.2734369311556
5,27.032790523871462,3,141.86757835962192
6,13.14827992911276,1,121.0461328778043
0,5.537432042119795,2,22.91686327932672
1,30.15986344809425,2,44.831756164481206
2,26.211814923967825,5,108.28365535359278
3,45.614056680047966,1,79.22974546764809
4,68.32813355476804,1,125.82491864640564
5,69.56254456388572,2,164.46037312258298
6,28.351884658216665,5,170.7668222773736
0,37.99269559001205,3,57.776418751889594
1,18.115096173690304,1,38.95547608127633
2,78.85455123065186,2,79.8150721389704
3,5.68480764332403,3,107.86118690673285
4,69.69972417249873,3,167.07534671508793
5,77.86953959411034,3,162.39110421588165
6,77.74075618487531,4,194.435184746232
0,25.942256434535494,3,55.385581142052516
1,37.38131379325614,3,62.93925582259911
2,58.7599635196389,2,77.14417478955548
3,27.282190242446703,5,127.33856569157041
4,37.085279921788874,4,141.52430871098838
5,19.705428018563964,2,127.88469910475078
6,45.98558837560074,2,173.5883089353835
0,4.461230125411408,3,29.120803328374066
1,79.9795884570618,4,99.64493529443746
2,7.695644698663273,5,95.00631840873325
3,51.88351488315261,5,146.02202086537352
4,30.68100995451961,2,114.96162225668732
5,57.75429488313755,4,163.71200822764806
6,95.9433340833425,2,181.3174840047357
0,64.55702444560039,2,41.108451330471866
1,3.5362435755490917,5,70.89842798492136
2,43.04024395080612,5,96.35946881770406
3,51.00168523182502,2,111.61295541979845
4,53.6177494703452,5,163.24367326331281
5,68.13925106038378,5,187.3476439481356
6,27.759609773176606,3,163.0966709003986
0,12.88605654663202,3,34.847394878557665
1,39.26756765470943,1,52.50592885948746
2,95.64057227959488,1,97.21086591498843
3,18.713089175084473,2,102.05794906081387
4,90.3983954928237,2,142.95763023296035
5,54.38059500773264,2,144.59095241835868
6,45.69114216457658,2,144.97124664899323
0,88.20414102298896,5,99.32911863922519
1,45.860396176858586,1,59.269403975923375
2,72.41676366115432,2,88.32651252933012
3,39.9025321703102,3,101.618333854632
4,90.40443929009577,5,182.2659598324524
5,69.00250201912273,1,145.28296069834528
6,69.96220542505168,5,208.00335476298852
0,32.77204015571189,4,52.163917691988246
1,75.67786427368893,2,84.57839606331267
2,63.60610554471413,3,106.36807977267517
3,24.002027337970954,1,87.33984951121268
4,16.053882248525642,5,135.9416088404811
5,79.63914745173317,1,151.34373893526663
6,95.91666030352225,4,212.56182162615997
0,45.81388272600429,3,40.9982279418919
1,59.09841653236849,5,113.40698522829514
2,85.77226441935547,4,129.01713403435278
3,45.722345335385704,3,127.52522250235602
4,95.18744768327362,2,142.56196055808778
5,57.575116204487244,1,142.94555489718317
6,82.07671207013149,4,206.93350942107662
0,90.88437184127383,1,63.74444457683331
1,81.55238187685688,1,54.16752297041748
2,15.941446344895594,4,91.14651499953086
3,62.88984390617004,4,131.0942512130941
4,39.84342586196771,5,140.61948887910535
5,6.271295202334571,3,137.32419883018545
6,42.403225188984194,2,155.51531242244468
0,25.86840668894077,3,34.059446491453045
1,84.90383084285108,2,78.20147915404274
2,3.330462654669619,2,67.63127637701604
3,95.89827218634736,5,149.34288721962915
4,35.536884847192965,3,117.80782504755511
5,35.67068904025429,4,182.89519528194467
6,1.632850268370789,1,132.26339383278412
0,18.523232523618393,5,48.62371834205599
1,40.12595008036087,5,90.76904055015133
2,92.9291417302714,5,132.18340897266194
3,9.961493022127133,4,103.40832069261353
4,94.53015334790796,1,124.44907716442295
5,86.94885305466322,2,172.09266822488135
6,45.41623969075518,4,182.7240514811354
0,32.670088176826006,3,37.09838503200381
1,23.274412927905686,3,59.74544644861817
2,61.446470647687434,4,93.51618105985024
3,3.307459147550562,5,122.97210296663255
4,1.5606064446828216,4,117.55544022228658
5,42.87957224982378,1,137.7902226422266
6,6.807407397472021,2,132.61464971821903
0,25.19409882460929,2,27.629635200911203
1,22.116091534608383,2,58.58766086923609
2,25.319119372285193,2,58.64472549328772
3,13.105523121525774,5,133.06631944151397
4,1.203622289765427,3,106.62550586713779
5,11.548429713874809,3,121.73156204157857
6,61.848025951274785,4,200.57271228901325
0,97.42562128180504,2,79.1497803865566
1,99.0345001560894,3,93.35183873035828
2,40.905409537306156,1,59.716001983346096
3,16.295442604660536,4,109.07447144673976
4,63.87617573665293,5,151.37407857005238
5,49.03053465487371,3,157.04590411280867
6,98.94097772844314,2,196.5331930833002
0,6.53042071517802,5,56.28045272155489
1,78.32344383138131,1,69.85842519735768
2,28.839849733149393,1,55.158645678987504
3,24.1418620076574,1,79.62155329037901
4,66.25045715326759,5,145.21904205170952
5,24.606318499096446,3,133.3120030147355
6,66.58591175591877,3,175.62830055626665
0,51.73085172022888,2,42.7196962474143
1,42.40889884358493,5,77.71349311650863
2,55.4687808661419,3,93.6671764690758
3,28.705151991962975,4,117.95431950738485
4,70.6574706272979,2,129.829901342522
5,41.485686933356405,3,173.97275015941267
6,36.05455604858923,4,166.75271790374293
0,82.86569145557378,2,78.52558939826588
1,92.49669119531922,1,68.54940951193825
2,4.600731088729693,1,63.47600085519595
3,23.262699282976552,4,130.22246179777886
4,34.85193694925633,1,118.37413268012936
5,81.49664793702473,4,164.06379727607379
6,98.54914276432976,2,218.72705410304314
0,96.89717046703518,3,83.58763755628857
1,90.49483455499269,2,76.16522743679003
2,29.65562650640299,4,105.523807746061
3,99.20112434144741,5,181.07351935785073
4,24.942004105645122,5,133.8093340622669
5,10.590615488223222,4,129.40404039054286
6,95.09526110553941,1,196.61562272743944
0,23.34202554680963,4,43.58225349447898
1,68.97682650777504,3,75.17195901775447
2,5.835635898058866,2,74.16917605175216
3,73.07090991274762,4,121.11173745544906
4,88.17202123338397,3,167.73810956158843
5,27.24368954659625,5,155.18190833463507
6,37.90568960774286,4,178.65430913323345
0,37.42961833209161,1,37.7635785845782
1,74.8788257540133,4,99.23522529632568
2,23.780724253903884,5,100.60140253184902
3,17.185309904764303,3,102.12678633096705
4,44.92916486877381,4,135.9559884652684
5,30.44684073773195,4,164.56052151934858
6,83.91891222586524,1,171.61532474804307
0,23.774182601563876,4,57.97109535046022
1,50.23894574892614,2,55.257309688435036
2,94.25835996979303,4,114.25852637745623
3,63.39976977446607,3,125.28584017522661
4,86.72894054624648,2,128.494293757546
5,94.02096893547673,1,163.97300485846418
6,75.0764861886352,3,177.4855886747658
0,69.95750602247513,1,32.695951238351675
1,96.79655666042271,4,107.41717889209185
2,99.44007896476793,4,129.53653813937296
3,45.182168266975964,4,123.4674213978665
4,7.086977818420836,5,122.71385824385528
5,29.279403144051884,5,143.6878235791969
6,15.235470568773046,5,195.87705142718505
0,41.74863747960118,2,24.87453551778594
1,13.128932847325602,5,74.01517916465633
2,60.4117804020882,4,89.12442435730887
3,38.28080591578541,4,117.28600576946268
4,89.538588428821,1,149.13885128783787
5,96.77946717985019,3,186.91039995907425
6,54.688490166942216,3,166.23776288512929
0,27.482356986759658,2,27.524899876345767
1,59.22304187618368,3,75.02645807731373
2,89.67611582244098,2,92.61991547215314
3,40.67333458357483,1,80.31732712833606
4,55.20782766919709,4,156.5644863181094
5,27.16527676061459,4,161.34281944890577
6,45.5444149450027,2,165.2344607164059
0,40.17135353795987,5,66.46263169819487
1,24.8413465082971,1,34.08073970277619
2,50.586638382530836,4,97.86874613132771
3,31.03808259798114,4,122.49784240477085
4,37.303486388074745,1,112.49360527312928
5,52.49704422542643,2,152.41847355328125
6,75.05950229289876,5,209.0365359037546
0,33.35074657912753,2,45.64788684601662
1,92.41587666207636,1,80.39321921426765
2,86.23185468359024,3,123.26150856814556
3,4.869029597552855,2,82.97693875421686
4,25.364252425682277,3,120.0265375367763
5,44.613551265920194,1,123.31013729516403
6,10.462788874247408,3,147.5517666705086
0,34.847598903349706,4,52.8131538113069
1,74.00975256176825,3,85.12383955041452
2,68.05144811428259,5,112.48363682218562
3,62.238442856600486,5,149.68396547326822
4,71.05284027223456,1,124.32600420918881
5,20.492368695970175,5,161.1134626668008
6,34.169811486473215,3,177.38664541896094
0,67.62424822774629,4,77.08133845719638
1,87.9234763031327,1,70.60950237660911
2,54.36780538280952,2,86.87034126308764
3,28.269965094553662,4,110.77175662240487
4,3.023525800598259,2,114.86554102927286
5,71.03368289742133,1,132.4288405575436
6,0.7884103508440377,2,119.90006850691397
0,37.267906982099554,4,65.67347323655893
1,53.05372145627818,5,96.1427600968103
2,92.21114617671931,1,98.74788080407204
3,8.94945450329001,5,137.54398412174885
4,40.59423219682837,5,147.55624529135656
5,2.4313199710157773,5,169.7487624860905
6,34.26109843415903,4,184.09303315204622
0,62.22310588397949,3,63.27033165786405
1,27.906794822859837,5,90.36325435757749
2,20.97499496556351,3,70.64018743053678
3,11.570323332709364,1,77.53792312574505
4,57.714024402034184,2,127.66604653666035
5,69.5270005904686,5,180.08395597342934
6,67.19571405958223,3,184.008328306361
0,94.88610207205073,1,61.39095756467205
1,0.27032138935026984,4,58.908458350644906
2,64.7196653894036,1,92.37267511084585
3,60.03922370976396,4,113.39979539865372
4,58.87396099702882,2,127.38211274527784
5,96.27703198402425,2,156.1155518867017
6,1.6871673370039697,3,166.27688739738548
0,69.64824307014501,4,62.674759136580136
1,81.36786497018635,4,86.92908259086636
2,50.980719662158414,2,73.20262247978889
3,33.396486959680914,1,64.59484559659636
4,79.0840163227405,1,134.5097206386466
5,9.724292563242464,3,125.46928260108972
6,44.203563772992524,2,167.05933338758683
0,51.99523745708382,2,53.196110320619375
1,69.39564109345476,5,92.78011723419593
2,9.088573203240946,3,71.67377650674634
3,22.775950153786095,2,89.56778387505607
4,41.030156269012565,5,151.37695229939243
5,62.329467302013065,4,177.67019386000743
6,88.69607812174175,5,214.3761897172536
0,61.88261682413765,2,63.91846980042122
1,13.346147093493443,1,28.425830566744537
2,98.05801327872824,3,130.78400895613348
3,87.17857347554929,4,163.90743483405583
4,50.2720761145324,1,148.2562075453833
5,92.2347981796633,3,156.88993727290395
6,54.13807937571357,4,176.88252805903636
0,92.33060678891631,4,83.3352705865849
1,82.98973686033432,2,87.19433309457524
2,96.82864102942973,5,133.87395030425907
3,91.97828107781584,1,113.50529115462287
4,3.603381742856948,5,137.65557792231934
5,17.477200416093996,2,116.59593729441617
6,38.913467710118574,2,171.6803313067797
0,95.21426972954208,1,61.26608611947215
1,30.002891947592957,4,75.20528649009637
2,16.046764388760103,3,79.91534660323016
3,88.630466608656,4,134.07462894985562
4,44.63944154832029,5,157.41495393951377
5,90.78755943543261,1,137.85906371660343
6,16.023046632014328,2,151.83273970708515
0,66.11175115080995,4,81.20336380092192
1,44.02637528294918,1,40.62361192710834
2,7.648676903028539,3,74.1486493570311
3,69.64631446525006,2,111.74017259927996
4,24.73987555391537,4,125.59775014055022
5,3.9615522579517726,2,132.79919179691302
6,5.994429824957326,5,168.12932831406923
0,6.107853706678734,3,68.1086621220735
1,90.77329574850394,3,101.44294683682372
2,73.9883917829101,3,119.09712593881224
3,89.80623572137351,5,157.96849108523318
4,67.25823112965213,4,144.54973730454185
5,52.89399290308832,4,156.23495306224197
6,30.444636434737827,4,167.5654147979774
0,99.79622513286735,4,93.47860164803951
1,36.21890589393894,4,64.43924561482547
2,47.06489492139095,1,80.57939489374527
3,37.824517492346175,5,126.11614157530019
4,97.95269293354586,3,166.4060340013276
5,17.465838539500577,4,150.5840974138278
6,32.798800090807966,4,166.65730873242444
0,68.03486660150016,3,64.92211470254344
1,6.320761833863065,3,53.68481702156221
2,60.7249374011541,1,81.06796952584624
3,47.76465028764161,5,123.98765919706624
4,28.39999767621011,2,117.75878557122142
5,23.8413280924058,1,117.11344042779768
6,51.45127432987567,2,159.40913677659387
0,36.792758053704134,1,21.561863185897813
1,45.65198912626553,5,105.6795406664202
2,33.747738176423994,5,120.64398647457656
3,97.04936935959776,2,133.97306234520775
4,13.343943174560401,4,127.85377727297079
5,9.68039531783742,4,147.9971550007573
6,34.339172879091606,4,187.39843625122367
0,59.102690087049126,2,46.101292470444534
1,65.91764718500282,4,83.40642133776339
2,39.72567471680421,3,74.82916059572997
3,99.92779939221711,3,149.92767021773838
4,35.18929961930426,5,153.84784378358964
5,72.14066679599524,2,152.0544000187227
6,63.758269453079286,4,178.5761112383051
0,81.30538632474607,3,63.34658732734068
1,97.622566345382,4,116.72337281191503
2,88.97936564455402,1,96.34730231028409
3,76.45619743577086,4,134.26313326978936
4,69.82484778182906,5,159.10809722974003
5,33.54981696758996,1,121.07246866495291
6,14.768557820670736,2,150.43036403593234
0,6.263600305980976,4,47.91213453528592
1,24.190170420148483,4,53.96905048985059
2,43.22814811812986,1,79.35593116530856
3,52.19962736299825,5,109.86005633595344
4,77.30835540548716,5,167.75038627631275
5,95.8740923056593,5,208.66385387083074
6,11.732048038481102,2,148.83819295695537
0,10.700414019379156,1,13.166588846266462
1,58.969472301355076,3,71.84487999576167
2,74.5398073947293,2,111.5093808192252
3,84.81503803469849,5,138.05170472682954
4,93.58320802167886,5,176.19577888578806
5,98.3426242260642,4,188.02736229969943
6,39.98016922245259,2,157.0474728450269
0,38.03351835275731,1,15.063555365741482
1,14.780867669727238,5,86.00100773431042
2,68.49344386835594,3,110.86595840832518
3,65.67619584408371,4,153.6198697537639
4,86.20625958512072,1,137.03907219469434
5,9.725799478764063,1,89.2766880070858
6,49.77769078253418,1,164.38285148902574
0,58.10819296720631,4,78.63288863574662
1,24.15570400399184,3,59.49941497334625
2,16.902540612916127,5,100.43869821922002
3,85.95808364196215,4,146.15871091215692
4,5.853492223555879,4,131.02933823354087
5,47.06209039180729,3,163.69603831287833
6,11.583400130088528,1,125.2992675259533
0,45.705876133136734,5,65.64414350194022
1,97.99623263423094,2,96.2731328822549
2,42.37063534554728,1,70.87689372050738
3,85.71249175045673,1,124.53671930942065
4,11.73155641831939,3,117.93816859047199
5,27.125207676186413,2,137.607059713392
6,40.37927406673345,5,168.53467150079274
0,39.98121400093307,5,76.5758079025985
1,67.13834786701531,5,106.46264083456032
2,34.47181273755076,3,91.28042795216435
3,71.37668684100163,2,116.09320891328113
4,63.91868992253925,2,147.78011597749628
5,39.91611452547731,1,130.65826391070746
6,43.17601276543193,4,176.06525769931216
0,61.45276998103208,2,50.977366046849546
1,7.004219014464463,5,85.53868418245584
2,82.24067383556903,5,129.22159795363362
3,65.3421161113637,4,149.53216313531993
4,72.63424644178352,4,150.42694399506354
5,53.692300108239046,1,137.6211228885013
6,11.047711099174473,1,141.92061703296892
0,40.50356132969499,3,47.20558157232205
1,40.53735828485561,5,85.71179969066233
2,32.10429900432169,3,67.28539442798424
3,2.995032490474936,5,126.47964895173578
4,73.72542425964774,3,150.79512518974414
5,10.97844580625007,1,113.95009957236985
6,60.630813304508514,2,169.40823065954714
0,70.32174964672157,4,79.4717120843651
1,63.47863229336947,5,108.9796445688076
2,95.91422519779749,1,91.80935247396194
3,10.329815508513862,1,80.23320799631055
4,86.71671591051991,1,107.8455227252222
5,2.9190234848913255,3,115.49681129377238
6,53.4916854927084,4,195.19290880226328
0,40.424361793925875,1,30.28029393052723
1,52.41838603937582,3,80.19827893203187
2,36.50998770600098,1,64.5574643596121
3,19.056691494006806,3,88.79336668537218
4,1.912289744868978,2,112.06251911767951
5,51.814981379117434,3,144.45884871713463
6,84.27768626848423,5,212.18495559817572
0,37.32159557447942,4,45.42323061304999
1,22.286381801498024,3,65.92432519700503
2,8.053200347184408,4,93.83723524987697
3,8.531092311870337,3,83.39824335222099
4,22.13964462927722,4,124.70850272560854
5,10.001406092155518,2,115.92932892156053
6,26.503969836448206,5,185.15401557239448
0,6.614946211695472,5,45.480570454309465
1,6.560486720992564,5,77.94060563476975
2,85.6276179622782,3,109.63676519183358
3,16.212026070883322,5,104.20859280555003
4,55.9682405823448,1,122.54763707744237
5,77.34555444490306,1,151.63478970730193
6,45.64095653390666,5,177.6206955774266
0,15.336887785934572,5,63.600466490430485
1,19.959614212011434,3,50.01367213790079
2,43.29842062811807,5,109.71542340005888
3,52.82340891785358,4,118.48079986073354
4,34.944029204853486,2,124.54512858480675
5,78.14796002346614,3,162.92216873539152
6,75.10216488563984,3,181.28655523608884
0,92.7211807373118,1,68.25959801295406
1,2.895254902696054,3,57.834339378523865
2,89.56912912102034,3,125.92356910715912
3,39.2568788462151,2,103.48767227953365
4,87.83724953799941,4,174.75386014330013
5,69.07847761565296,2,152.99387746248817
6,98.73487570739682,4,217.07578136231717
0,75.9282451716668,1,46.94348978718342
1,36.45446259967866,2,67.85059529033052
2,50.10631728347521,2,83.75079989386876
3,37.63891551943512,2,113.85943439763153
4,36.49118360212381,5,142.1981102628821
5,26.090449938105976,5,180.7506257914557
6,49.59702953734696,2,180.17636968653895
0,68.17399450693613,3,52.070037374658696
1,27.734027130524353,1,49.689938045061766
2,52.437981107721995,3,80.72248130789625
3,11.738029417055717,1,82.47155152008469
4,15.98452868541913,1,81.19505914773785
5,4.680635471218874,5,145.21730828831906
6,97.07314427706328,1,179.818146521649
0,0.3860351510261095,2,23.21651140464895
1,17.85799680576563,2,39.471133893025666
2,61.286675311699234,1,67.25962050029933
3,8.13695988533053,5,106.86037630807004
4,88.18965030968323,3,145.46562040655874
5,71.96201578422881,5,193.41838890467358
6,96.63899714378934,5,213.76080319079534
0,50.763554724076485,3,61.46681790285672
1,30.04036831584872,2,44.82345624575443
2,54.950057279527144,4,112.47296185300084
3,93.08187172979731,5,157.78888952793426
4,52.07614372418605,2,152.90565779037397
5,26.720703186231866,1,103.93557661581166
6,87.73987891741196,5,225.9204805070941
0,37.19187485124613,5,66.5971870071118
1,0.13833499989991394,1,34.60800193512038
2,24.768502249231595,4,94.62702105692279
3,31.82335091770624,4,119.61598626220481
4,85.87774682319022,3,146.25754089840137
5,45.8503167066445,1,111.3637914234904
6,44.45872878113008,2,160.47478528298777
0,33.61022663998874,2,38.85219247303944
1,88.06781230470796,4,106.29824406596693
2,94.50267769403914,3,105.63260471750999
3,99.18903291546293,3,139.59350615894402
4,37.674126696098675,2,122.70148932709102
5,96.61474456271714,3,193.60321922749444
6,79.18795696309013,4,213.60005126760484
0,67.56891476442668,4,84.78233007123691
1,24.488947942009943,3,74.2656466379608
2,21.64572609442098,4,88.9920870840129
3,16.604782452124567,4,118.55639014965341
4,92.27566102253654,3,146.66579663525573
5,29.407666238316608,4,144.55204865911816
6,45.30942454488785,1,156.43565351951668
0,49.39578339872235,4,63.883462061627284
1,77.81715954502542,5,128.9328228070005
2,84.42349615530242,2,88.73628194209307
3,13.90727011486128,1,80.93233721370663
4,42.69043602110737,3,126.7087309040353
5,84.28548878354572,2,172.80615733875737
6,81.80333057558384,5,204.86479886567147
0,10.24137584524164,2,25.229390869498186
1,15.6383348867963,4,66.9322490637389
2,30.41986915994078,2,78.13798671198671
3,7.5359069083340335,3,116.76288526870246
4,42.46630028405929,4,136.8385186163354
5,10.76177051495819,4,156.76325518287337
6,56.8217593669845,5,189.30240489707055
0,24.65569398111561,2,34.881969982897076
1,59.64330653496227,5,95.038757622983
2,11.752564290363765,4,89.29112371557063
3,97.58838684185334,4,140.91678305526267
4,93.25612038573404,5,187.6932376083448
5,39.17969385646658,4,159.26460197923933
6,24.217859412608544,2,149.01176044114322
0,25.039821285357277,1,27.902117766186834
1,48.3393535202392,5,97.06199872135042
2,3.9992801900716968,3,74.92388213749324
3,63.9705106075127,1,117.54775937575783
4,40.83029083397448,3,138.5907625194603
5,37.74065725888873,4,138.8005594940721
6,80.93649714891984,1,174.2194239055111
0,70.903546018329,4,71.16828882378326
1,95.4333815392692,4,117.18906299132715
2,35.193624049569074,5,94.32969207309958
3,89.75427646494055,3,146.12917480147328
4,76.99671862500888,2,115.85767615592628
5,35.7424651594713,5,190.6811879632594
6,62.16654364532578,5,201.7313762406788
0,28.856995765169557,3,28.09218841503551
1,87.43999170748424,5,98.3237426463538
2,11.242731721231126,3,86.24711945192692
3,21.243436129404103,5,113.14965456775562
4,18.303329207992114,1,95.63109075664133
5,40.302600240428866,3,140.75012747461184
6,74.52329600321292,2,172.79564629530935
0,52.69074490521803,5,100.40701814893649
1,48.76763235382076,1,44.679579334180076
2,0.05459648969956543,2,65.3863929259611
3,42.54017253550547,5,147.57903445590824
4,6.355377483615843,5,128.05879547938557
5,20.825325212148382,4,145.3440383179577
6,93.23939389604944,5,230.9618224777282
0,21.53982043432382,2,29.826657673414584
1,85.83376386342624,2,93.0278180343865
2,80.28933715613343,1,101.34827097602479
3,15.914623694224284,4,117.05237055024135
4,60.571195727027884,1,131.06776460674558
5,11.566187190501331,1,115.85248599616979
6,72.78881583695114,5,195.17952327250833
0,63.746227737220664,1,45.51295387956858
1,81.19385616910193,3,84.12553490471531
2,47.93845493891881,4,103.41446189138486
3,91.48630878333829,5,164.96704419392455
4,4.934894678843971,3,100.58640933257999
5,29.288856502701467,2,141.75610594535823
6,71.5052597465167,4,190.50934424587257
0,41.810921174800086,2,47.39931212663827
1,17.29513542711564,2,32.34915149063754
2,10.721074542854602,5,100.2878037135961
3,81.73391114616214,3,135.76505063617955
4,47.31429784656442,4,149.51155358508115
5,88.22836719191073,5,209.57456185537706
6,73.3289134316726,1,160.57759350400875
0,40.97262056307436,4,67.4288612057388
1,37.351101415568365,5,96.50613185940257
2,51.56383466512517,4,103.72080857333306
3,88.90599531897287,4,133.40620119590827
4,73.72785797141678,5,162.4010164763918
5,0.515296426902323,2,118.8380922206303
6,69.41578513691256,2,174.03021628503623
0,91.95074069058207,5,87.20253126018089
1,71.04557595044916,4,99.75930356586109
2,17.700578156749593,2,43.07990043354269
3,48.35181274274587,3,106.59647646017497
4,14.031601792341942,1,102.04469716789379
5,35.899527833963205,1,133.77097099965124
6,93.71170419405178,3,180.3052863494018
0,92.33053075587083,3,97.08273367329465
1,28.28368521760829,3,61.77093789175841
2,33.96310441661991,4,109.03196784830584
3,60.02128681312939,2,109.34436654268286
4,96.319729526038,3,139.77792891428192
5,14.780133406539042,5,168.00009201321384
6,25.69166436866691,1,124.30442643237681
0,87.35568272907715,1,86.52838551698905
1,49.18922317083445,3,75.64815554251193
2,89.89610922270317,2,97.92524422968279
3,18.551789752317628,3,96.29086634073686
4,53.26685874713607,5,144.96920777146073
5,32.62696326493724,3,149.78520022421174
6,31.654255989247602,4,175.41339026024832
0,44.68769639461991,3,40.65857259228032
1,43.30774491012684,4,101.5437151335447
2,35.734687967795445,2,68.7209637234282
3,91.49707703156186,2,139.33163878453266
4,73.17441854328928,5,166.23717409518002
5,72.75469913315297,2,145.85351802029695
6,28.99134495919554,4,157.07545813910488
0,57.770942431684034,2,49.611292909917786
1,77.9179433301834,4,88.9428933887282
2,79.5590368543213,5,128.67751390890538
3,34.453046075431224,4,114.72513247329043
4,77.08727565686479,3,160.38778964637237
5,73.5893896807733,2,164.73218408749185
6,14.150648562190026,1,140.034653932965
0,86.59454685664772,3,56.203189577687596
1,44.13214701804108,4,99.48209391099007
2,48.641044888866546,3,96.09889491147752
3,44.836917889799736,3,96.51074865995783
4,56.78460014775075,3,128.24559417735887
5,62.11692473670547,3,159.48856060807825
6,49.81795657629434,4,174.80661888101076
0,86.67885432590955,2,53.18302262263933
1,62.77347561952844,2,65.38891551755816
2,40.14279493055199,3,85.29370563088175
3,41.6691756908711,1,81.37198103657839
4,81.08386151289514,2,146.86402152399094
5,34.81919427465201,4,163.8844035924008
6,21.145479578241357,4,170.00143258496868
0,5.938318800578923,2,26.373808969793462
1,87.60268479205742,4,101.90417969904011
2,91.854645119035,4,103.32302255890059
3,12.012018216347597,5,108.49527592852345
4,33.447374149611484,4,133.65306067503724
5,17.537206951524386,2,133.32621764316653
6,11.589846882587974,2,144.83221080329724
0,89.98667430000302,1,60.42748038145759
1,5.687725914535546,3,59.53321843317444
2,98.04856634690069,2,105.88720307750974
3,9.645086069738419,4,94.6574746710366
4,86.34706491935857,1,145.12901015384182
5,56.65061069891627,5,202.53086673127947
6,36.791748781787334,1,152.72721571017834
0,34.23423766251579,4,52.09806299531399
1,75.73641432377087,2,73.5775591904748
2,31.45732950042872,1,75.36853406749671
3,65.73189166171419,4,134.5083552122487
4,51.732608351608015,5,164.77693930677668
5,48.49656451580705,1,147.98684679959058
6,90.11621706491616,4,199.62022837438363
0,55.46450586202596,3,52.87123068677766
1,82.68616030486949,2,90.15891399014863
2,72.55735341014893,4,136.47510507299725
3,3.855724605899835,3,89.2711229859571
4,77.31100525054192,2,127.8860421636125
5,21.687025009104065,2,141.52820709245282
6,90.31496468515715,2,183.02415079013502
0,4.292419060883201,3,24.166993418993147
1,33.307203447431874,1,39.893603346041495
2,9.973294723475401,3,72.42856691682155
3,47.55891170848437,3,126.71030112749035
4,82.00224358697518,4,141.59097625688378
5,29.81873596630641,4,146.1324784727089
6,15.09348973110416,5,159.8912812439529
0,33.02670356968992,3,48.41582314483381
1,81.3880141920636,3,88.30976231742227
2,14.038395779934687,5,86.48018374137624
3,22.73624490775018,3,127.24019237099095
4,6.8851964493373945,3,98.02171288574814
5,70.57100439896077,5,182.673760386467
6,39.52332435363368,5,180.59140391761792
0,31.083997714331602,5,53.7869446265546
1,71.86263903411519,2,75.94937449154165
2,33.59775423402552,4,96.58195707592655
3,72.77712732144181,5,156.82383475661294
4,81.51993953143135,2,140.1467173986539
5,21.766284345773844,4,174.64045024316317
6,97.38186968459833,5,227.30654442432203
0,16.235794791266677,3,34.304827974120336
1,29.084090665674257,3,42.553656537808656
2,17.979529083354162,4,104.97625031067291
3,34.55056563563345,1,88.4145459341538
4,48.006088782075565,4,147.64205044457617
5,52.21758690021191,2,154.40275200917145
6,85.3606042296272,3,204.57502783070032
0,88.94479088158666,3,72.74294250334259
1,22.010386078090637,5,74.5623000663137
2,62.289403218575245,2,79.14062159922119
3,11.14960572987156,1,69.72636035051127
4,45.89698601820683,2,106.00388725649034
5,32.23335380466181,2,129.05344242228256
6,31.65007454536064,2,161.02105902284438
0,48.2584241712101,2,45.65402953469984
1,72.98276355292676,1,76.37270580180018
2,6.91826587923895,2,53.05384957550784
3,87.91733376874045,1,111.76375899089506
4,73.4813774630561,4,141.14808763546583
5,17.649938888906014,2,138.5496232313919
6,93.91609090873703,5,219.9529015316085
0,50.631222402338864,1,21.543946190316895
1,99.98085781169654,1,76.71605464860471
2,19.725947430073766,2,60.49400788599562
3,53.490819838320135,5,142.98602895939226
4,29.02480425599284,5,136.1733270757287
5,30.417355738924655,2,127.93129336770828
6,59.106538083399016,5,201.10024508276288
0,92.17190668708332,1,54.86214089458704
1,80.52638555791751,2,66.07386801438021
2,72.39413985013259,2,80.25369108391972
3,55.91737821017022,2,124.04201175005026
4,92.22985036674477,4,169.70902932984916
5,49.236140669088414,2,166.88696106468194
6,87.38321783347182,3,189.5503023880246
0,83.39816438766317,3,74.00826657241043
1,21.383534680158654,1,43.30901354166832
2,77.12254629659103,4,98.03850003919968
3,1.2171156943258765,4,106.48301019564768
4,32.28295375480875,5,142.40449798793406
5,22.95674446919498,2,125.79839745033325
6,50.68629584873135,3,169.50955804817764
0,73.68531616807856,4,79.62706249112223
1,9.767636744772412,3,61.542451264202384
2,51.49222019367684,3,110.7776255580042
3,93.84120216943856,2,135.4045871311477
4,22.864655098294552,3,125.61794533966528
5,67.71411441114242,1,130.06371340830276
6,59.28802707811576,1,148.67395541513295
0,1.006369565609333,4,49.028269866140334
1,47.58261958572228,4,85.71822409494588
2,70.87703909410486,5,137.48764105426335
3,4.39754320240906,3,103.5898376324821
4,87.95214830237302,4,164.05106658359406
5,52.00814166356731,2,138.79112425541638
6,3.066104832571792,4,168.53709863622473
0,22.44136119208402,1,18.056336336165792
1,95.3675696427313,3,92.72472175804258
2,58.23197330520553,1,74.24589520451394
3,10.747256776880453,4,98.27228738117161
4,28.75445022805615,4,133.97508735384187
5,45.67036258604842,1,124.01253780263505
6,2.0950069267730465,5,176.88235088516282
0,41.16155136137588,5,73.36841268184173
1,48.94586354346981,4,79.70165397330231
2,24.36778752812322,5,105.17656510678215
3,58.86390002919866,1,91.23223225374984
4,75.32401195921769,3,148.34715085014483
5,23.58342241056355,4,161.68311520509832
6,62.04999002799877,2,196.4174858975965
0,63.96222429637416,5,75.13776690237447
1,94.8540301128841,5,138.35515085550753
2,77.82761672964438,2,97.98562574283491
3,84.8345269790006,2,130.6222594065336
4,49.04199084362752,1,102.16073535811861
5,18.534858697938283,1,117.8420807910659
6,99.5815292959635,5,209.97544143269576
0,12.93557610386996,3,41.35062160772908
1,47.14573193542654,1,64.73459771022303
2,6.809309924210661,1,42.7376458033954
3,94.38508573508196,4,155.69230552990962
4,96.49249408484395,4,152.213987417868
5,71.93890620039735,1,154.39615293790658
6,34.99928436301689,3,165.26946804582636
0,25.438240111762433,5,69.02527041151224
1,26.53033245370474,2,54.54799520348002
2,12.729402542007474,1,54.91575662753561
3,52.58089530767229,3,115.82485227826481
4,14.18172757014775,3,124.6767180954404
5,31.67306665534563,3,134.06629129688403
6,62.67064759591049,1,148.36570886978672
0,72.75436095907499,1,67.08388791525545
1,2.4272704622061214,3,57.871649420826024
2,43.011598437673996,3,88.83485411116277
3,65.21245948421391,1,107.18631343021694
4,85.32459761585129,5,180.73510939501887
5,47.532478221208244,1,117.86189429832538
6,96.92058717176852,4,212.42808547934902
0,26.563254754144726,3,54.57657926287881
1,1.350870662671888,5,73.15936020948116
2,48.37528647017362,2,77.95698454089326
3,25.611379502001796,1,71.5627063605683
4,82.37176720231693,3,152.0591799433431
5,23.27726721811121,1,120.34710957046175
6,31.06292182913063,2,137.77961892010472
0,79.12274310191123,1,50.411242064913196
1,71.514325202536,5,114.87453944878695
2,55.805123665726256,2,85.35066253459972
3,70.49480619227595,4,130.9065029181625
4,41.86368635700265,4,143.23412116512503
5,0.5310047614667801,3,136.55851289268963
6,1.1355128512192558,4,165.87564513266122
0,51.122178757368665,1,38.49592036936371
1,8.329097971899923,5,67.27232966473353
2,5.107548016925678,4,75.85820227731469
3,96.55166391374733,3,126.9292719056441
4,85.90026396580586,1,125.16873831923805
5,15.202722720956952,3,142.74314234780013
6,0.06642185902044906,3,127.37988505689538
0,94.16677953897565,5,109.44556922486008
1,27.83252983201143,5,71.6874510003263
2,18.58976028554975,3,88.53995935644758
3,69.15081078315353,3,134.5589653125744
4,10.89037388413262,4,129.52874841612137
5,26.46495980028003,4,154.88165608460153
6,97.50946802120465,2,196.63088790520658
0,63.94627744740102,5,78.25656626814539
1,52.067779148255354,4,73.25497885529326
2,39.791861483493776,3,84.76825686662588
3,77.4500954884202,4,137.0766759508964
4,14.095747652369372,2,116.56224756720049
5,96.73378020369822,4,201.56020999487586
6,86.11230080657867,3,197.8008370559872
0,61.76569825692433,4,74.23700295567873
1,4.290619040255816,4,69.34429852637616
2,70.08556494477376,5,121.56757771478719
3,91.32843408854808,5,159.42052467954449
4,52.457706747862595,2,117.40862683337595
5,35.42248218272628,2,148.15705527441642
6,12.027734497946962,4,159.66535758543054
0,75.49011041375682,5,87.97812949564268
1,88.50218512118062,5,103.35513706715734
2,10.025174407584858,4,88.59676817943684
